"object_type","schema_name","object_name","column_name","data_type","is_nullable","related_object_name","description"
"CHECK","auth","audit_log_entries","null","null","null","null","16488_16519_5_not_null"
"CHECK","auth","audit_log_entries","null","null","null","null","16488_16519_2_not_null"
"CHECK","auth","flow_state","null","null","null","null","16488_28931_3_not_null"
"CHECK","auth","flow_state","null","null","null","null","16488_28931_1_not_null"
"CHECK","auth","flow_state","null","null","null","null","16488_28931_5_not_null"
"CHECK","auth","flow_state","null","null","null","null","16488_28931_11_not_null"
"CHECK","auth","flow_state","null","null","null","null","16488_28931_6_not_null"
"CHECK","auth","flow_state","null","null","null","null","16488_28931_4_not_null"
"CHECK","auth","identities","null","null","null","null","16488_28728_1_not_null"
"CHECK","auth","identities","null","null","null","null","16488_28728_2_not_null"
"CHECK","auth","identities","null","null","null","null","16488_28728_9_not_null"
"CHECK","auth","identities","null","null","null","null","16488_28728_3_not_null"
"CHECK","auth","identities","null","null","null","null","16488_28728_4_not_null"
"CHECK","auth","instances","null","null","null","null","16488_16512_1_not_null"
"CHECK","auth","mfa_amr_claims","null","null","null","null","16488_28818_3_not_null"
"CHECK","auth","mfa_amr_claims","null","null","null","null","16488_28818_2_not_null"
"CHECK","auth","mfa_amr_claims","null","null","null","null","16488_28818_1_not_null"
"CHECK","auth","mfa_amr_claims","null","null","null","null","16488_28818_4_not_null"
"CHECK","auth","mfa_amr_claims","null","null","null","null","16488_28818_5_not_null"
"CHECK","auth","mfa_challenges","null","null","null","null","16488_28806_2_not_null"
"CHECK","auth","mfa_challenges","null","null","null","null","16488_28806_1_not_null"
"CHECK","auth","mfa_challenges","null","null","null","null","16488_28806_5_not_null"
"CHECK","auth","mfa_challenges","null","null","null","null","16488_28806_3_not_null"
"CHECK","auth","mfa_factors","null","null","null","null","16488_28793_2_not_null"
"CHECK","auth","mfa_factors","null","null","null","null","16488_28793_7_not_null"
"CHECK","auth","mfa_factors","null","null","null","null","16488_28793_6_not_null"
"CHECK","auth","mfa_factors","null","null","null","null","16488_28793_5_not_null"
"CHECK","auth","mfa_factors","null","null","null","null","16488_28793_4_not_null"
"CHECK","auth","mfa_factors","null","null","null","null","16488_28793_1_not_null"
"CHECK","auth","one_time_tokens","null","null","null","null","16488_28981_5_not_null"
"CHECK","auth","one_time_tokens","null","null","null","null","one_time_tokens_token_hash_check"
"CHECK","auth","one_time_tokens","null","null","null","null","16488_28981_3_not_null"
"CHECK","auth","one_time_tokens","null","null","null","null","16488_28981_2_not_null"
"CHECK","auth","one_time_tokens","null","null","null","null","16488_28981_1_not_null"
"CHECK","auth","one_time_tokens","null","null","null","null","16488_28981_6_not_null"
"CHECK","auth","one_time_tokens","null","null","null","null","16488_28981_7_not_null"
"CHECK","auth","one_time_tokens","null","null","null","null","16488_28981_4_not_null"
"CHECK","auth","refresh_tokens","null","null","null","null","16488_16501_2_not_null"
"CHECK","auth","saml_providers","null","null","null","null","16488_28860_1_not_null"
"CHECK","auth","saml_providers","null","null","null","null","16488_28860_3_not_null"
"CHECK","auth","saml_providers","null","null","null","null","16488_28860_2_not_null"
"CHECK","auth","saml_providers","null","null","null","null","metadata_xml not empty"
"CHECK","auth","saml_providers","null","null","null","null","metadata_url not empty"
"CHECK","auth","saml_providers","null","null","null","null","entity_id not empty"
"CHECK","auth","saml_providers","null","null","null","null","16488_28860_4_not_null"
"CHECK","auth","saml_relay_states","null","null","null","null","request_id not empty"
"CHECK","auth","saml_relay_states","null","null","null","null","16488_28878_1_not_null"
"CHECK","auth","saml_relay_states","null","null","null","null","16488_28878_2_not_null"
"CHECK","auth","saml_relay_states","null","null","null","null","16488_28878_3_not_null"
"CHECK","auth","schema_migrations","null","null","null","null","16488_16527_1_not_null"
"CHECK","auth","sessions","null","null","null","null","16488_28758_1_not_null"
"CHECK","auth","sessions","null","null","null","null","16488_28758_2_not_null"
"CHECK","auth","sso_domains","null","null","null","null","16488_28845_3_not_null"
"CHECK","auth","sso_domains","null","null","null","null","domain not empty"
"CHECK","auth","sso_domains","null","null","null","null","16488_28845_1_not_null"
"CHECK","auth","sso_domains","null","null","null","null","16488_28845_2_not_null"
"CHECK","auth","sso_providers","null","null","null","null","resource_id not empty"
"CHECK","auth","sso_providers","null","null","null","null","16488_28836_1_not_null"
"CHECK","auth","users","null","null","null","null","16488_16489_2_not_null"
"CHECK","auth","users","null","null","null","null","users_email_change_confirm_status_check"
"CHECK","auth","users","null","null","null","null","16488_16489_35_not_null"
"CHECK","auth","users","null","null","null","null","16488_16489_33_not_null"
"CHECK","public","comment_votes","null","null","null","null","2200_34587_4_not_null"
"CHECK","public","comment_votes","null","null","null","null","2200_34587_1_not_null"
"CHECK","public","comment_votes","null","null","null","null","2200_34587_2_not_null"
"CHECK","public","comment_votes","null","null","null","null","2200_34587_3_not_null"
"CHECK","public","comments","null","null","null","null","2200_29764_5_not_null"
"CHECK","public","comments","null","null","null","null","2200_29764_1_not_null"
"CHECK","public","comments","null","null","null","null","2200_29764_2_not_null"
"CHECK","public","comments","null","null","null","null","2200_29764_3_not_null"
"CHECK","public","conversation_participants","null","null","null","null","2200_29704_3_not_null"
"CHECK","public","conversation_participants","null","null","null","null","2200_29704_1_not_null"
"CHECK","public","conversation_participants","null","null","null","null","2200_29704_2_not_null"
"CHECK","public","conversations","null","null","null","null","2200_29695_1_not_null"
"CHECK","public","friendships","null","null","null","null","different_users"
"CHECK","public","friendships","null","null","null","null","different_users"
"CHECK","public","friendships","null","null","null","null","2200_29814_3_not_null"
"CHECK","public","friendships","null","null","null","null","2200_29814_2_not_null"
"CHECK","public","friendships","null","null","null","null","2200_29814_1_not_null"
"CHECK","public","group_members","null","null","null","null","2200_29654_3_not_null"
"CHECK","public","group_members","null","null","null","null","2200_29654_2_not_null"
"CHECK","public","group_members","null","null","null","null","2200_29654_1_not_null"
"CHECK","public","groups","null","null","null","null","2200_29643_2_not_null"
"CHECK","public","groups","null","null","null","null","2200_29643_1_not_null"
"CHECK","public","likes","null","null","null","null","2200_29789_2_not_null"
"CHECK","public","likes","null","null","null","null","2200_29789_1_not_null"
"CHECK","public","likes","null","null","null","null","like_belongs_to_one"
"CHECK","public","likes","null","null","null","null","like_belongs_to_one"
"CHECK","public","media","null","null","null","null","2200_29743_5_not_null"
"CHECK","public","media","null","null","null","null","media_belongs_to_one"
"CHECK","public","media","null","null","null","null","media_belongs_to_one"
"CHECK","public","media","null","null","null","null","2200_29743_4_not_null"
"CHECK","public","media","null","null","null","null","2200_29743_1_not_null"
"CHECK","public","messages","null","null","null","null","2200_29723_2_not_null"
"CHECK","public","messages","null","null","null","null","2200_29723_3_not_null"
"CHECK","public","messages","null","null","null","null","2200_29723_4_not_null"
"CHECK","public","messages","null","null","null","null","2200_29723_1_not_null"
"CHECK","public","notifications","null","null","null","null","2200_29836_7_not_null"
"CHECK","public","notifications","null","null","null","null","2200_29836_1_not_null"
"CHECK","public","notifications","null","null","null","null","2200_29836_2_not_null"
"CHECK","public","notifications","null","null","null","null","2200_29836_8_not_null"
"CHECK","public","notifications","null","null","null","null","2200_29836_3_not_null"
"CHECK","public","notifications","null","null","null","null","2200_29836_6_not_null"
"CHECK","public","notifications","null","null","null","null","2200_29836_4_not_null"
"CHECK","public","posts","null","null","null","null","2200_29674_1_not_null"
"CHECK","public","posts","null","null","null","null","2200_29674_2_not_null"
"CHECK","public","user_hidden_posts","null","null","null","null","2200_31115_1_not_null"
"CHECK","public","user_hidden_posts","null","null","null","null","2200_31115_2_not_null"
"CHECK","public","user_saved_posts","null","null","null","null","2200_31096_2_not_null"
"CHECK","public","user_saved_posts","null","null","null","null","2200_31096_1_not_null"
"CHECK","public","users","null","null","null","null","2200_29627_4_not_null"
"CHECK","public","users","null","null","null","null","2200_29627_1_not_null"
"CHECK","public","users","null","null","null","null","2200_29627_2_not_null"
"CHECK","public","users","null","null","null","null","2200_29627_3_not_null"
"CHECK","realtime","messages","null","null","null","null","16599_29256_8_not_null"
"CHECK","realtime","messages","null","null","null","null","16599_29256_9_not_null"
"CHECK","realtime","messages","null","null","null","null","16599_29256_10_not_null"
"CHECK","realtime","messages","null","null","null","null","16599_29256_3_not_null"
"CHECK","realtime","messages","null","null","null","null","16599_29256_4_not_null"
"CHECK","realtime","schema_migrations","null","null","null","null","16599_29095_1_not_null"
"CHECK","realtime","subscription","null","null","null","null","16599_29117_1_not_null"
"CHECK","realtime","subscription","null","null","null","null","16599_29117_2_not_null"
"CHECK","realtime","subscription","null","null","null","null","16599_29117_4_not_null"
"CHECK","realtime","subscription","null","null","null","null","16599_29117_5_not_null"
"CHECK","realtime","subscription","null","null","null","null","16599_29117_7_not_null"
"CHECK","realtime","subscription","null","null","null","null","16599_29117_8_not_null"
"CHECK","realtime","subscription","null","null","null","null","16599_29117_9_not_null"
"CHECK","storage","buckets","null","null","null","null","16536_16540_1_not_null"
"CHECK","storage","buckets","null","null","null","null","16536_16540_2_not_null"
"CHECK","storage","migrations","null","null","null","null","16536_16582_1_not_null"
"CHECK","storage","migrations","null","null","null","null","16536_16582_2_not_null"
"CHECK","storage","migrations","null","null","null","null","16536_16582_3_not_null"
"CHECK","storage","objects","null","null","null","null","16536_16555_1_not_null"
"CHECK","storage","s3_multipart_uploads","null","null","null","null","16536_29038_2_not_null"
"CHECK","storage","s3_multipart_uploads","null","null","null","null","16536_29038_1_not_null"
"CHECK","storage","s3_multipart_uploads","null","null","null","null","16536_29038_8_not_null"
"CHECK","storage","s3_multipart_uploads","null","null","null","null","16536_29038_6_not_null"
"CHECK","storage","s3_multipart_uploads","null","null","null","null","16536_29038_5_not_null"
"CHECK","storage","s3_multipart_uploads","null","null","null","null","16536_29038_4_not_null"
"CHECK","storage","s3_multipart_uploads","null","null","null","null","16536_29038_3_not_null"
"CHECK","storage","s3_multipart_uploads_parts","null","null","null","null","16536_29052_5_not_null"
"CHECK","storage","s3_multipart_uploads_parts","null","null","null","null","16536_29052_6_not_null"
"CHECK","storage","s3_multipart_uploads_parts","null","null","null","null","16536_29052_7_not_null"
"CHECK","storage","s3_multipart_uploads_parts","null","null","null","null","16536_29052_10_not_null"
"CHECK","storage","s3_multipart_uploads_parts","null","null","null","null","16536_29052_4_not_null"
"CHECK","storage","s3_multipart_uploads_parts","null","null","null","null","16536_29052_3_not_null"
"CHECK","storage","s3_multipart_uploads_parts","null","null","null","null","16536_29052_2_not_null"
"CHECK","storage","s3_multipart_uploads_parts","null","null","null","null","16536_29052_1_not_null"
"CHECK","storage","s3_multipart_uploads_parts","null","null","null","null","16536_29052_9_not_null"
"CHECK","vault","secrets","null","null","null","null","16949_16951_3_not_null"
"CHECK","vault","secrets","null","null","null","null","16949_16951_8_not_null"
"CHECK","vault","secrets","null","null","null","null","16949_16951_7_not_null"
"CHECK","vault","secrets","null","null","null","null","16949_16951_1_not_null"
"CHECK","vault","secrets","null","null","null","null","16949_16951_4_not_null"
"COLUMN","auth","audit_log_entries","created_at","timestamp with time zone","YES","null","null"
"COLUMN","auth","audit_log_entries","id","uuid","NO","null","null"
"COLUMN","auth","audit_log_entries","instance_id","uuid","YES","null","null"
"COLUMN","auth","audit_log_entries","ip_address","character varying","NO","null","null"
"COLUMN","auth","audit_log_entries","payload","json","YES","null","null"
"COLUMN","auth","flow_state","auth_code","text","NO","null","null"
"COLUMN","auth","flow_state","auth_code_issued_at","timestamp with time zone","YES","null","null"
"COLUMN","auth","flow_state","authentication_method","text","NO","null","null"
"COLUMN","auth","flow_state","code_challenge","text","NO","null","null"
"COLUMN","auth","flow_state","code_challenge_method","USER-DEFINED","NO","null","null"
"COLUMN","auth","flow_state","created_at","timestamp with time zone","YES","null","null"
"COLUMN","auth","flow_state","id","uuid","NO","null","null"
"COLUMN","auth","flow_state","provider_access_token","text","YES","null","null"
"COLUMN","auth","flow_state","provider_refresh_token","text","YES","null","null"
"COLUMN","auth","flow_state","provider_type","text","NO","null","null"
"COLUMN","auth","flow_state","updated_at","timestamp with time zone","YES","null","null"
"COLUMN","auth","flow_state","user_id","uuid","YES","null","null"
"COLUMN","auth","identities","created_at","timestamp with time zone","YES","null","null"
"COLUMN","auth","identities","email","text","YES","null","Auth: Email is a generated column that references the optional email property in the identity_data"
"COLUMN","auth","identities","id","uuid","NO","null","null"
"COLUMN","auth","identities","identity_data","jsonb","NO","null","null"
"COLUMN","auth","identities","last_sign_in_at","timestamp with time zone","YES","null","null"
"COLUMN","auth","identities","provider","text","NO","null","null"
"COLUMN","auth","identities","provider_id","text","NO","null","null"
"COLUMN","auth","identities","updated_at","timestamp with time zone","YES","null","null"
"COLUMN","auth","identities","user_id","uuid","NO","null","null"
"COLUMN","auth","instances","created_at","timestamp with time zone","YES","null","null"
"COLUMN","auth","instances","id","uuid","NO","null","null"
"COLUMN","auth","instances","raw_base_config","text","YES","null","null"
"COLUMN","auth","instances","updated_at","timestamp with time zone","YES","null","null"
"COLUMN","auth","instances","uuid","uuid","YES","null","null"
"COLUMN","auth","mfa_amr_claims","authentication_method","text","NO","null","null"
"COLUMN","auth","mfa_amr_claims","created_at","timestamp with time zone","NO","null","null"
"COLUMN","auth","mfa_amr_claims","id","uuid","NO","null","null"
"COLUMN","auth","mfa_amr_claims","session_id","uuid","NO","null","null"
"COLUMN","auth","mfa_amr_claims","updated_at","timestamp with time zone","NO","null","null"
"COLUMN","auth","mfa_challenges","created_at","timestamp with time zone","NO","null","null"
"COLUMN","auth","mfa_challenges","factor_id","uuid","NO","null","null"
"COLUMN","auth","mfa_challenges","id","uuid","NO","null","null"
"COLUMN","auth","mfa_challenges","ip_address","inet","NO","null","null"
"COLUMN","auth","mfa_challenges","otp_code","text","YES","null","null"
"COLUMN","auth","mfa_challenges","verified_at","timestamp with time zone","YES","null","null"
"COLUMN","auth","mfa_challenges","web_authn_session_data","jsonb","YES","null","null"
"COLUMN","auth","mfa_factors","created_at","timestamp with time zone","NO","null","null"
"COLUMN","auth","mfa_factors","factor_type","USER-DEFINED","NO","null","null"
"COLUMN","auth","mfa_factors","friendly_name","text","YES","null","null"
"COLUMN","auth","mfa_factors","id","uuid","NO","null","null"
"COLUMN","auth","mfa_factors","last_challenged_at","timestamp with time zone","YES","null","null"
"COLUMN","auth","mfa_factors","phone","text","YES","null","null"
"COLUMN","auth","mfa_factors","secret","text","YES","null","null"
"COLUMN","auth","mfa_factors","status","USER-DEFINED","NO","null","null"
"COLUMN","auth","mfa_factors","updated_at","timestamp with time zone","NO","null","null"
"COLUMN","auth","mfa_factors","user_id","uuid","NO","null","null"
"COLUMN","auth","mfa_factors","web_authn_aaguid","uuid","YES","null","null"
"COLUMN","auth","mfa_factors","web_authn_credential","jsonb","YES","null","null"
"COLUMN","auth","one_time_tokens","created_at","timestamp without time zone","NO","null","null"
"COLUMN","auth","one_time_tokens","id","uuid","NO","null","null"
"COLUMN","auth","one_time_tokens","relates_to","text","NO","null","null"
"COLUMN","auth","one_time_tokens","token_hash","text","NO","null","null"
"COLUMN","auth","one_time_tokens","token_type","USER-DEFINED","NO","null","null"
"COLUMN","auth","one_time_tokens","updated_at","timestamp without time zone","NO","null","null"
"COLUMN","auth","one_time_tokens","user_id","uuid","NO","null","null"
"COLUMN","auth","refresh_tokens","created_at","timestamp with time zone","YES","null","null"
"COLUMN","auth","refresh_tokens","id","bigint","NO","null","null"
"COLUMN","auth","refresh_tokens","instance_id","uuid","YES","null","null"
"COLUMN","auth","refresh_tokens","parent","character varying","YES","null","null"
"COLUMN","auth","refresh_tokens","revoked","boolean","YES","null","null"
"COLUMN","auth","refresh_tokens","session_id","uuid","YES","null","null"
"COLUMN","auth","refresh_tokens","token","character varying","YES","null","null"
"COLUMN","auth","refresh_tokens","updated_at","timestamp with time zone","YES","null","null"
"COLUMN","auth","refresh_tokens","user_id","character varying","YES","null","null"
"COLUMN","auth","saml_providers","attribute_mapping","jsonb","YES","null","null"
"COLUMN","auth","saml_providers","created_at","timestamp with time zone","YES","null","null"
"COLUMN","auth","saml_providers","entity_id","text","NO","null","null"
"COLUMN","auth","saml_providers","id","uuid","NO","null","null"
"COLUMN","auth","saml_providers","metadata_url","text","YES","null","null"
"COLUMN","auth","saml_providers","metadata_xml","text","NO","null","null"
"COLUMN","auth","saml_providers","name_id_format","text","YES","null","null"
"COLUMN","auth","saml_providers","sso_provider_id","uuid","NO","null","null"
"COLUMN","auth","saml_providers","updated_at","timestamp with time zone","YES","null","null"
"COLUMN","auth","saml_relay_states","created_at","timestamp with time zone","YES","null","null"
"COLUMN","auth","saml_relay_states","flow_state_id","uuid","YES","null","null"
"COLUMN","auth","saml_relay_states","for_email","text","YES","null","null"
"COLUMN","auth","saml_relay_states","id","uuid","NO","null","null"
"COLUMN","auth","saml_relay_states","redirect_to","text","YES","null","null"
"COLUMN","auth","saml_relay_states","request_id","text","NO","null","null"
"COLUMN","auth","saml_relay_states","sso_provider_id","uuid","NO","null","null"
"COLUMN","auth","saml_relay_states","updated_at","timestamp with time zone","YES","null","null"
"COLUMN","auth","schema_migrations","version","character varying","NO","null","null"
"COLUMN","auth","sessions","aal","USER-DEFINED","YES","null","null"
"COLUMN","auth","sessions","created_at","timestamp with time zone","YES","null","null"
"COLUMN","auth","sessions","factor_id","uuid","YES","null","null"
"COLUMN","auth","sessions","id","uuid","NO","null","null"
"COLUMN","auth","sessions","ip","inet","YES","null","null"
"COLUMN","auth","sessions","not_after","timestamp with time zone","YES","null","Auth: Not after is a nullable column that contains a timestamp after which the session should be regarded as expired."
"COLUMN","auth","sessions","refreshed_at","timestamp without time zone","YES","null","null"
"COLUMN","auth","sessions","tag","text","YES","null","null"
"COLUMN","auth","sessions","updated_at","timestamp with time zone","YES","null","null"
"COLUMN","auth","sessions","user_agent","text","YES","null","null"
"COLUMN","auth","sessions","user_id","uuid","NO","null","null"
"COLUMN","auth","sso_domains","created_at","timestamp with time zone","YES","null","null"
"COLUMN","auth","sso_domains","domain","text","NO","null","null"
"COLUMN","auth","sso_domains","id","uuid","NO","null","null"
"COLUMN","auth","sso_domains","sso_provider_id","uuid","NO","null","null"
"COLUMN","auth","sso_domains","updated_at","timestamp with time zone","YES","null","null"
"COLUMN","auth","sso_providers","created_at","timestamp with time zone","YES","null","null"
"COLUMN","auth","sso_providers","id","uuid","NO","null","null"
"COLUMN","auth","sso_providers","resource_id","text","YES","null","Auth: Uniquely identifies a SSO provider according to a user-chosen resource ID (case insensitive), useful in infrastructure as code."
"COLUMN","auth","sso_providers","updated_at","timestamp with time zone","YES","null","null"
"COLUMN","auth","users","aud","character varying","YES","null","null"
"COLUMN","auth","users","banned_until","timestamp with time zone","YES","null","null"
"COLUMN","auth","users","confirmation_sent_at","timestamp with time zone","YES","null","null"
"COLUMN","auth","users","confirmation_token","character varying","YES","null","null"
"COLUMN","auth","users","confirmed_at","timestamp with time zone","YES","null","null"
"COLUMN","auth","users","created_at","timestamp with time zone","YES","null","null"
"COLUMN","auth","users","deleted_at","timestamp with time zone","YES","null","null"
"COLUMN","auth","users","email","character varying","YES","null","null"
"COLUMN","auth","users","email_change","character varying","YES","null","null"
"COLUMN","auth","users","email_change_confirm_status","smallint","YES","null","null"
"COLUMN","auth","users","email_change_sent_at","timestamp with time zone","YES","null","null"
"COLUMN","auth","users","email_change_token_current","character varying","YES","null","null"
"COLUMN","auth","users","email_change_token_new","character varying","YES","null","null"
"COLUMN","auth","users","email_confirmed_at","timestamp with time zone","YES","null","null"
"COLUMN","auth","users","encrypted_password","character varying","YES","null","null"
"COLUMN","auth","users","id","uuid","NO","null","null"
"COLUMN","auth","users","instance_id","uuid","YES","null","null"
"COLUMN","auth","users","invited_at","timestamp with time zone","YES","null","null"
"COLUMN","auth","users","is_anonymous","boolean","NO","null","null"
"COLUMN","auth","users","is_sso_user","boolean","NO","null","Auth: Set this column to true when the account comes from SSO. These accounts can have duplicate emails."
"COLUMN","auth","users","is_super_admin","boolean","YES","null","null"
"COLUMN","auth","users","last_sign_in_at","timestamp with time zone","YES","null","null"
"COLUMN","auth","users","phone","text","YES","null","null"
"COLUMN","auth","users","phone_change","text","YES","null","null"
"COLUMN","auth","users","phone_change_sent_at","timestamp with time zone","YES","null","null"
"COLUMN","auth","users","phone_change_token","character varying","YES","null","null"
"COLUMN","auth","users","phone_confirmed_at","timestamp with time zone","YES","null","null"
"COLUMN","auth","users","raw_app_meta_data","jsonb","YES","null","null"
"COLUMN","auth","users","raw_user_meta_data","jsonb","YES","null","null"
"COLUMN","auth","users","reauthentication_sent_at","timestamp with time zone","YES","null","null"
"COLUMN","auth","users","reauthentication_token","character varying","YES","null","null"
"COLUMN","auth","users","recovery_sent_at","timestamp with time zone","YES","null","null"
"COLUMN","auth","users","recovery_token","character varying","YES","null","null"
"COLUMN","auth","users","role","character varying","YES","null","null"
"COLUMN","auth","users","updated_at","timestamp with time zone","YES","null","null"
"COLUMN","extensions","pg_stat_statements","blk_read_time","double precision","YES","null","null"
"COLUMN","extensions","pg_stat_statements","blk_write_time","double precision","YES","null","null"
"COLUMN","extensions","pg_stat_statements","calls","bigint","YES","null","null"
"COLUMN","extensions","pg_stat_statements","dbid","oid","YES","null","null"
"COLUMN","extensions","pg_stat_statements","jit_emission_count","bigint","YES","null","null"
"COLUMN","extensions","pg_stat_statements","jit_emission_time","double precision","YES","null","null"
"COLUMN","extensions","pg_stat_statements","jit_functions","bigint","YES","null","null"
"COLUMN","extensions","pg_stat_statements","jit_generation_time","double precision","YES","null","null"
"COLUMN","extensions","pg_stat_statements","jit_inlining_count","bigint","YES","null","null"
"COLUMN","extensions","pg_stat_statements","jit_inlining_time","double precision","YES","null","null"
"COLUMN","extensions","pg_stat_statements","jit_optimization_count","bigint","YES","null","null"
"COLUMN","extensions","pg_stat_statements","jit_optimization_time","double precision","YES","null","null"
"COLUMN","extensions","pg_stat_statements","local_blks_dirtied","bigint","YES","null","null"
"COLUMN","extensions","pg_stat_statements","local_blks_hit","bigint","YES","null","null"
"COLUMN","extensions","pg_stat_statements","local_blks_read","bigint","YES","null","null"
"COLUMN","extensions","pg_stat_statements","local_blks_written","bigint","YES","null","null"
"COLUMN","extensions","pg_stat_statements","max_exec_time","double precision","YES","null","null"
"COLUMN","extensions","pg_stat_statements","max_plan_time","double precision","YES","null","null"
"COLUMN","extensions","pg_stat_statements","mean_exec_time","double precision","YES","null","null"
"COLUMN","extensions","pg_stat_statements","mean_plan_time","double precision","YES","null","null"
"COLUMN","extensions","pg_stat_statements","min_exec_time","double precision","YES","null","null"
"COLUMN","extensions","pg_stat_statements","min_plan_time","double precision","YES","null","null"
"COLUMN","extensions","pg_stat_statements","plans","bigint","YES","null","null"
"COLUMN","extensions","pg_stat_statements","query","text","YES","null","null"
"COLUMN","extensions","pg_stat_statements","queryid","bigint","YES","null","null"
"COLUMN","extensions","pg_stat_statements","rows","bigint","YES","null","null"
"COLUMN","extensions","pg_stat_statements","shared_blks_dirtied","bigint","YES","null","null"
"COLUMN","extensions","pg_stat_statements","shared_blks_hit","bigint","YES","null","null"
"COLUMN","extensions","pg_stat_statements","shared_blks_read","bigint","YES","null","null"
"COLUMN","extensions","pg_stat_statements","shared_blks_written","bigint","YES","null","null"
"COLUMN","extensions","pg_stat_statements","stddev_exec_time","double precision","YES","null","null"
"COLUMN","extensions","pg_stat_statements","stddev_plan_time","double precision","YES","null","null"
"COLUMN","extensions","pg_stat_statements","temp_blk_read_time","double precision","YES","null","null"
"COLUMN","extensions","pg_stat_statements","temp_blk_write_time","double precision","YES","null","null"
"COLUMN","extensions","pg_stat_statements","temp_blks_read","bigint","YES","null","null"
"COLUMN","extensions","pg_stat_statements","temp_blks_written","bigint","YES","null","null"
"COLUMN","extensions","pg_stat_statements","toplevel","boolean","YES","null","null"
"COLUMN","extensions","pg_stat_statements","total_exec_time","double precision","YES","null","null"
"COLUMN","extensions","pg_stat_statements","total_plan_time","double precision","YES","null","null"
"COLUMN","extensions","pg_stat_statements","userid","oid","YES","null","null"
"COLUMN","extensions","pg_stat_statements","wal_bytes","numeric","YES","null","null"
"COLUMN","extensions","pg_stat_statements","wal_fpi","bigint","YES","null","null"
"COLUMN","extensions","pg_stat_statements","wal_records","bigint","YES","null","null"
"COLUMN","extensions","pg_stat_statements_info","dealloc","bigint","YES","null","null"
"COLUMN","extensions","pg_stat_statements_info","stats_reset","timestamp with time zone","YES","null","null"
"COLUMN","public","comment_vote_counts","comment_id","uuid","YES","null","null"
"COLUMN","public","comment_vote_counts","downvotes","bigint","YES","null","null"
"COLUMN","public","comment_vote_counts","score","bigint","YES","null","null"
"COLUMN","public","comment_vote_counts","upvotes","bigint","YES","null","null"
"COLUMN","public","comment_votes","comment_id","uuid","NO","null","null"
"COLUMN","public","comment_votes","created_at","timestamp with time zone","YES","null","null"
"COLUMN","public","comment_votes","id","uuid","NO","null","null"
"COLUMN","public","comment_votes","user_id","uuid","NO","null","null"
"COLUMN","public","comment_votes","vote_type","USER-DEFINED","NO","null","null"
"COLUMN","public","comments","content","text","NO","null","null"
"COLUMN","public","comments","created_at","timestamp with time zone","YES","null","null"
"COLUMN","public","comments","id","uuid","NO","null","null"
"COLUMN","public","comments","parent_id","uuid","YES","null","null"
"COLUMN","public","comments","post_id","uuid","NO","null","null"
"COLUMN","public","comments","updated_at","timestamp with time zone","YES","null","null"
"COLUMN","public","comments","user_id","uuid","NO","null","null"
"COLUMN","public","conversation_participants","conversation_id","uuid","NO","null","null"
"COLUMN","public","conversation_participants","created_at","timestamp with time zone","YES","null","null"
"COLUMN","public","conversation_participants","id","uuid","NO","null","null"
"COLUMN","public","conversation_participants","user_id","uuid","NO","null","null"
"COLUMN","public","conversations","created_at","timestamp with time zone","YES","null","null"
"COLUMN","public","conversations","id","uuid","NO","null","null"
"COLUMN","public","conversations","is_group","boolean","YES","null","null"
"COLUMN","public","conversations","name","character varying","YES","null","null"
"COLUMN","public","conversations","updated_at","timestamp with time zone","YES","null","null"
"COLUMN","public","feed_posts","avatar_url","text","YES","null","null"
"COLUMN","public","feed_posts","content","text","YES","null","null"
"COLUMN","public","feed_posts","created_at","timestamp with time zone","YES","null","null"
"COLUMN","public","feed_posts","group_id","uuid","YES","null","null"
"COLUMN","public","feed_posts","id","uuid","YES","null","null"
"COLUMN","public","feed_posts","privacy_level","USER-DEFINED","YES","null","null"
"COLUMN","public","feed_posts","search_vector","tsvector","YES","null","null"
"COLUMN","public","feed_posts","updated_at","timestamp with time zone","YES","null","null"
"COLUMN","public","feed_posts","user_id","uuid","YES","null","null"
"COLUMN","public","feed_posts","username","character varying","YES","null","null"
"COLUMN","public","friendships","created_at","timestamp with time zone","YES","null","null"
"COLUMN","public","friendships","friend_id","uuid","NO","null","null"
"COLUMN","public","friendships","id","uuid","NO","null","null"
"COLUMN","public","friendships","status","USER-DEFINED","YES","null","null"
"COLUMN","public","friendships","updated_at","timestamp with time zone","YES","null","null"
"COLUMN","public","friendships","user_id","uuid","NO","null","null"
"COLUMN","public","group_members","created_at","timestamp with time zone","YES","null","null"
"COLUMN","public","group_members","group_id","uuid","NO","null","null"
"COLUMN","public","group_members","id","uuid","NO","null","null"
"COLUMN","public","group_members","role","USER-DEFINED","YES","null","null"
"COLUMN","public","group_members","user_id","uuid","NO","null","null"
"COLUMN","public","groups","created_at","timestamp with time zone","YES","null","null"
"COLUMN","public","groups","description","text","YES","null","null"
"COLUMN","public","groups","id","uuid","NO","null","null"
"COLUMN","public","groups","name","character varying","NO","null","null"
"COLUMN","public","groups","privacy","USER-DEFINED","YES","null","null"
"COLUMN","public","groups","updated_at","timestamp with time zone","YES","null","null"
"COLUMN","public","likes","comment_id","uuid","YES","null","null"
"COLUMN","public","likes","created_at","timestamp with time zone","YES","null","null"
"COLUMN","public","likes","id","uuid","NO","null","null"
"COLUMN","public","likes","post_id","uuid","YES","null","null"
"COLUMN","public","likes","user_id","uuid","NO","null","null"
"COLUMN","public","media","created_at","timestamp with time zone","YES","null","null"
"COLUMN","public","media","id","uuid","NO","null","null"
"COLUMN","public","media","media_type","USER-DEFINED","NO","null","null"
"COLUMN","public","media","message_id","uuid","YES","null","null"
"COLUMN","public","media","order_index","integer","YES","null","null"
"COLUMN","public","media","post_id","uuid","YES","null","null"
"COLUMN","public","media","url","text","NO","null","null"
"COLUMN","public","messages","content","text","NO","null","null"
"COLUMN","public","messages","conversation_id","uuid","NO","null","null"
"COLUMN","public","messages","created_at","timestamp with time zone","YES","null","null"
"COLUMN","public","messages","id","uuid","NO","null","null"
"COLUMN","public","messages","read","boolean","YES","null","null"
"COLUMN","public","messages","user_id","uuid","NO","null","null"
"COLUMN","public","notifications","actor_id","uuid","NO","null","null"
"COLUMN","public","notifications","content","text","NO","null","null"
"COLUMN","public","notifications","created_at","timestamp with time zone","YES","null","null"
"COLUMN","public","notifications","icon","text","YES","null","null"
"COLUMN","public","notifications","id","uuid","NO","null","null"
"COLUMN","public","notifications","read","boolean","YES","null","null"
"COLUMN","public","notifications","resource_id","uuid","NO","null","null"
"COLUMN","public","notifications","resource_type","character varying","NO","null","null"
"COLUMN","public","notifications","type","USER-DEFINED","NO","null","null"
"COLUMN","public","notifications","user_id","uuid","NO","null","null"
"COLUMN","public","posts","content","text","YES","null","null"
"COLUMN","public","posts","created_at","timestamp with time zone","YES","null","null"
"COLUMN","public","posts","group_id","uuid","YES","null","null"
"COLUMN","public","posts","id","uuid","NO","null","null"
"COLUMN","public","posts","privacy_level","USER-DEFINED","YES","null","null"
"COLUMN","public","posts","search_vector","tsvector","YES","null","null"
"COLUMN","public","posts","updated_at","timestamp with time zone","YES","null","null"
"COLUMN","public","posts","user_id","uuid","NO","null","null"
"COLUMN","public","user_hidden_posts","hidden_at","timestamp with time zone","YES","null","null"
"COLUMN","public","user_hidden_posts","post_id","uuid","NO","null","null"
"COLUMN","public","user_hidden_posts","user_id","uuid","NO","null","null"
"COLUMN","public","user_profile_posts","comment_count","bigint","YES","null","null"
"COLUMN","public","user_profile_posts","content","text","YES","null","null"
"COLUMN","public","user_profile_posts","created_at","timestamp with time zone","YES","null","null"
"COLUMN","public","user_profile_posts","group_id","uuid","YES","null","null"
"COLUMN","public","user_profile_posts","id","uuid","YES","null","null"
"COLUMN","public","user_profile_posts","like_count","bigint","YES","null","null"
"COLUMN","public","user_profile_posts","privacy_level","USER-DEFINED","YES","null","null"
"COLUMN","public","user_profile_posts","search_vector","tsvector","YES","null","null"
"COLUMN","public","user_profile_posts","updated_at","timestamp with time zone","YES","null","null"
"COLUMN","public","user_profile_posts","user_id","uuid","YES","null","null"
"COLUMN","public","user_saved_posts","post_id","uuid","NO","null","null"
"COLUMN","public","user_saved_posts","saved_at","timestamp with time zone","YES","null","null"
"COLUMN","public","user_saved_posts","user_id","uuid","NO","null","null"
"COLUMN","public","users","avatar_url","text","YES","null","null"
"COLUMN","public","users","bio","text","YES","null","null"
"COLUMN","public","users","created_at","timestamp with time zone","YES","null","null"
"COLUMN","public","users","email","character varying","NO","null","null"
"COLUMN","public","users","full_name","character varying","NO","null","null"
"COLUMN","public","users","id","uuid","NO","null","null"
"COLUMN","public","users","privacy_settings","jsonb","YES","null","null"
"COLUMN","public","users","theme","USER-DEFINED","YES","null","null"
"COLUMN","public","users","updated_at","timestamp with time zone","YES","null","null"
"COLUMN","public","users","username","character varying","NO","null","null"
"COLUMN","realtime","messages","event","text","YES","null","null"
"COLUMN","realtime","messages","extension","text","NO","null","null"
"COLUMN","realtime","messages","id","uuid","NO","null","null"
"COLUMN","realtime","messages","inserted_at","timestamp without time zone","NO","null","null"
"COLUMN","realtime","messages","payload","jsonb","YES","null","null"
"COLUMN","realtime","messages","private","boolean","YES","null","null"
"COLUMN","realtime","messages","topic","text","NO","null","null"
"COLUMN","realtime","messages","updated_at","timestamp without time zone","NO","null","null"
"COLUMN","realtime","schema_migrations","inserted_at","timestamp without time zone","YES","null","null"
"COLUMN","realtime","schema_migrations","version","bigint","NO","null","null"
"COLUMN","realtime","subscription","claims","jsonb","NO","null","null"
"COLUMN","realtime","subscription","claims_role","regrole","NO","null","null"
"COLUMN","realtime","subscription","created_at","timestamp without time zone","NO","null","null"
"COLUMN","realtime","subscription","entity","regclass","NO","null","null"
"COLUMN","realtime","subscription","filters","ARRAY","NO","null","null"
"COLUMN","realtime","subscription","id","bigint","NO","null","null"
"COLUMN","realtime","subscription","subscription_id","uuid","NO","null","null"
"COLUMN","storage","buckets","allowed_mime_types","ARRAY","YES","null","null"
"COLUMN","storage","buckets","avif_autodetection","boolean","YES","null","null"
"COLUMN","storage","buckets","created_at","timestamp with time zone","YES","null","null"
"COLUMN","storage","buckets","file_size_limit","bigint","YES","null","null"
"COLUMN","storage","buckets","id","text","NO","null","null"
"COLUMN","storage","buckets","name","text","NO","null","null"
"COLUMN","storage","buckets","owner","uuid","YES","null","Field is deprecated, use owner_id instead"
"COLUMN","storage","buckets","owner_id","text","YES","null","null"
"COLUMN","storage","buckets","public","boolean","YES","null","null"
"COLUMN","storage","buckets","updated_at","timestamp with time zone","YES","null","null"
"COLUMN","storage","migrations","executed_at","timestamp without time zone","YES","null","null"
"COLUMN","storage","migrations","hash","character varying","NO","null","null"
"COLUMN","storage","migrations","id","integer","NO","null","null"
"COLUMN","storage","migrations","name","character varying","NO","null","null"
"COLUMN","storage","objects","bucket_id","text","YES","null","null"
"COLUMN","storage","objects","created_at","timestamp with time zone","YES","null","null"
"COLUMN","storage","objects","id","uuid","NO","null","null"
"COLUMN","storage","objects","last_accessed_at","timestamp with time zone","YES","null","null"
"COLUMN","storage","objects","metadata","jsonb","YES","null","null"
"COLUMN","storage","objects","name","text","YES","null","null"
"COLUMN","storage","objects","owner","uuid","YES","null","Field is deprecated, use owner_id instead"
"COLUMN","storage","objects","owner_id","text","YES","null","null"
"COLUMN","storage","objects","path_tokens","ARRAY","YES","null","null"
"COLUMN","storage","objects","updated_at","timestamp with time zone","YES","null","null"
"COLUMN","storage","objects","user_metadata","jsonb","YES","null","null"
"COLUMN","storage","objects","version","text","YES","null","null"
"COLUMN","storage","s3_multipart_uploads","bucket_id","text","NO","null","null"
"COLUMN","storage","s3_multipart_uploads","created_at","timestamp with time zone","NO","null","null"
"COLUMN","storage","s3_multipart_uploads","id","text","NO","null","null"
"COLUMN","storage","s3_multipart_uploads","in_progress_size","bigint","NO","null","null"
"COLUMN","storage","s3_multipart_uploads","key","text","NO","null","null"
"COLUMN","storage","s3_multipart_uploads","owner_id","text","YES","null","null"
"COLUMN","storage","s3_multipart_uploads","upload_signature","text","NO","null","null"
"COLUMN","storage","s3_multipart_uploads","user_metadata","jsonb","YES","null","null"
"COLUMN","storage","s3_multipart_uploads","version","text","NO","null","null"
"COLUMN","storage","s3_multipart_uploads_parts","bucket_id","text","NO","null","null"
"COLUMN","storage","s3_multipart_uploads_parts","created_at","timestamp with time zone","NO","null","null"
"COLUMN","storage","s3_multipart_uploads_parts","etag","text","NO","null","null"
"COLUMN","storage","s3_multipart_uploads_parts","id","uuid","NO","null","null"
"COLUMN","storage","s3_multipart_uploads_parts","key","text","NO","null","null"
"COLUMN","storage","s3_multipart_uploads_parts","owner_id","text","YES","null","null"
"COLUMN","storage","s3_multipart_uploads_parts","part_number","integer","NO","null","null"
"COLUMN","storage","s3_multipart_uploads_parts","size","bigint","NO","null","null"
"COLUMN","storage","s3_multipart_uploads_parts","upload_id","text","NO","null","null"
"COLUMN","storage","s3_multipart_uploads_parts","version","text","NO","null","null"
"COLUMN","vault","decrypted_secrets","created_at","timestamp with time zone","YES","null","null"
"COLUMN","vault","decrypted_secrets","decrypted_secret","text","YES","null","null"
"COLUMN","vault","decrypted_secrets","description","text","YES","null","null"
"COLUMN","vault","decrypted_secrets","id","uuid","YES","null","null"
"COLUMN","vault","decrypted_secrets","key_id","uuid","YES","null","null"
"COLUMN","vault","decrypted_secrets","name","text","YES","null","null"
"COLUMN","vault","decrypted_secrets","nonce","bytea","YES","null","null"
"COLUMN","vault","decrypted_secrets","secret","text","YES","null","null"
"COLUMN","vault","decrypted_secrets","updated_at","timestamp with time zone","YES","null","null"
"COLUMN","vault","secrets","created_at","timestamp with time zone","NO","null","null"
"COLUMN","vault","secrets","description","text","NO","null","null"
"COLUMN","vault","secrets","id","uuid","NO","null","null"
"COLUMN","vault","secrets","key_id","uuid","YES","null","null"
"COLUMN","vault","secrets","name","text","YES","null","null"
"COLUMN","vault","secrets","nonce","bytea","YES","null","null"
"COLUMN","vault","secrets","secret","text","NO","null","null"
"COLUMN","vault","secrets","updated_at","timestamp with time zone","NO","null","null"
"FOREIGN_KEY","auth","identities","user_id","null","null","users.id","identities_user_id_fkey"
"FOREIGN_KEY","auth","mfa_amr_claims","session_id","null","null","sessions.id","mfa_amr_claims_session_id_fkey"
"FOREIGN_KEY","auth","mfa_challenges","factor_id","null","null","mfa_factors.id","mfa_challenges_auth_factor_id_fkey"
"FOREIGN_KEY","auth","mfa_factors","user_id","null","null","users.id","mfa_factors_user_id_fkey"
"FOREIGN_KEY","auth","one_time_tokens","user_id","null","null","users.id","one_time_tokens_user_id_fkey"
"FOREIGN_KEY","auth","refresh_tokens","session_id","null","null","sessions.id","refresh_tokens_session_id_fkey"
"FOREIGN_KEY","auth","saml_providers","sso_provider_id","null","null","sso_providers.id","saml_providers_sso_provider_id_fkey"
"FOREIGN_KEY","auth","saml_relay_states","flow_state_id","null","null","flow_state.id","saml_relay_states_flow_state_id_fkey"
"FOREIGN_KEY","auth","saml_relay_states","sso_provider_id","null","null","sso_providers.id","saml_relay_states_sso_provider_id_fkey"
"FOREIGN_KEY","auth","sessions","user_id","null","null","users.id","sessions_user_id_fkey"
"FOREIGN_KEY","auth","sso_domains","sso_provider_id","null","null","sso_providers.id","sso_domains_sso_provider_id_fkey"
"FOREIGN_KEY","public","comment_votes","comment_id","null","null","comments.id","comment_votes_comment_id_fkey"
"FOREIGN_KEY","public","comment_votes","user_id","null","null","users.id","comment_votes_user_id_fkey"
"FOREIGN_KEY","public","comments","parent_id","null","null","comments.id","comments_parent_id_fkey"
"FOREIGN_KEY","public","comments","post_id","null","null","posts.id","comments_post_id_fkey"
"FOREIGN_KEY","public","comments","user_id","null","null","users.id","comments_user_id_fkey"
"FOREIGN_KEY","public","conversation_participants","conversation_id","null","null","conversations.id","conversation_participants_conversation_id_fkey"
"FOREIGN_KEY","public","conversation_participants","user_id","null","null","users.id","conversation_participants_user_id_fkey"
"FOREIGN_KEY","public","friendships","friend_id","null","null","users.id","friendships_friend_id_fkey"
"FOREIGN_KEY","public","friendships","user_id","null","null","users.id","friendships_user_id_fkey"
"FOREIGN_KEY","public","group_members","group_id","null","null","groups.id","group_members_group_id_fkey"
"FOREIGN_KEY","public","group_members","user_id","null","null","users.id","group_members_user_id_fkey"
"FOREIGN_KEY","public","likes","comment_id","null","null","comments.id","likes_comment_id_fkey"
"FOREIGN_KEY","public","likes","post_id","null","null","posts.id","likes_post_id_fkey"
"FOREIGN_KEY","public","likes","user_id","null","null","users.id","likes_user_id_fkey"
"FOREIGN_KEY","public","media","message_id","null","null","messages.id","media_message_id_fkey"
"FOREIGN_KEY","public","media","post_id","null","null","posts.id","media_post_id_fkey"
"FOREIGN_KEY","public","messages","conversation_id","null","null","conversations.id","messages_conversation_id_fkey"
"FOREIGN_KEY","public","messages","user_id","null","null","users.id","messages_user_id_fkey"
"FOREIGN_KEY","public","notifications","actor_id","null","null","users.id","notifications_actor_id_fkey"
"FOREIGN_KEY","public","notifications","user_id","null","null","users.id","notifications_user_id_fkey"
"FOREIGN_KEY","public","posts","group_id","null","null","groups.id","posts_group_id_fkey"
"FOREIGN_KEY","public","posts","user_id","null","null","users.id","posts_user_id_fkey"
"FOREIGN_KEY","public","user_hidden_posts","post_id","null","null","posts.id","user_hidden_posts_post_id_fkey"
"FOREIGN_KEY","public","user_hidden_posts","user_id","null","null","users.id","user_hidden_posts_user_id_fkey"
"FOREIGN_KEY","public","user_saved_posts","post_id","null","null","posts.id","user_saved_posts_post_id_fkey"
"FOREIGN_KEY","public","user_saved_posts","user_id","null","null","users.id","user_saved_posts_user_id_fkey"
"FOREIGN_KEY","storage","objects","bucket_id","null","null","buckets.id","objects_bucketId_fkey"
"FOREIGN_KEY","storage","s3_multipart_uploads","bucket_id","null","null","buckets.id","s3_multipart_uploads_bucket_id_fkey"
"FOREIGN_KEY","storage","s3_multipart_uploads_parts","bucket_id","null","null","buckets.id","s3_multipart_uploads_parts_bucket_id_fkey"
"FOREIGN_KEY","storage","s3_multipart_uploads_parts","upload_id","null","null","s3_multipart_uploads.id","s3_multipart_uploads_parts_upload_id_fkey"
"FOREIGN_KEY","vault","secrets","key_id","null","null","null","secrets_key_id_fkey"
"FUNCTION","auth","email","","text","null","null","Deprecated. Use auth.jwt() -> 'email' instead."
"FUNCTION","auth","jwt","","jsonb","null","null","null"
"FUNCTION","auth","role","","text","null","null","Deprecated. Use auth.jwt() -> 'role' instead."
"FUNCTION","auth","uid","","uuid","null","null","Deprecated. Use auth.jwt() -> 'sub' instead."
"FUNCTION","extensions","algorithm_sign","signables text, secret text, algorithm text","text","null","null","null"
"FUNCTION","extensions","armor","bytea","text","null","null","null"
"FUNCTION","extensions","armor","bytea, text[], text[]","text","null","null","null"
"FUNCTION","extensions","crypt","text, text","text","null","null","null"
"FUNCTION","extensions","dearmor","text","bytea","null","null","null"
"FUNCTION","extensions","decrypt","bytea, bytea, text","bytea","null","null","null"
"FUNCTION","extensions","decrypt_iv","bytea, bytea, bytea, text","bytea","null","null","null"
"FUNCTION","extensions","digest","bytea, text","bytea","null","null","null"
"FUNCTION","extensions","digest","text, text","bytea","null","null","null"
"FUNCTION","extensions","encrypt","bytea, bytea, text","bytea","null","null","null"
"FUNCTION","extensions","encrypt_iv","bytea, bytea, bytea, text","bytea","null","null","null"
"FUNCTION","extensions","gen_random_bytes","integer","bytea","null","null","null"
"FUNCTION","extensions","gen_random_uuid","","uuid","null","null","null"
"FUNCTION","extensions","gen_salt","text","text","null","null","null"
"FUNCTION","extensions","gen_salt","text, integer","text","null","null","null"
"FUNCTION","extensions","grant_pg_cron_access","","event_trigger","null","null","Grants access to pg_cron"
"FUNCTION","extensions","grant_pg_graphql_access","","event_trigger","null","null","Grants access to pg_graphql"
"FUNCTION","extensions","grant_pg_net_access","","event_trigger","null","null","Grants access to pg_net"
"FUNCTION","extensions","hmac","bytea, bytea, text","bytea","null","null","null"
"FUNCTION","extensions","hmac","text, text, text","bytea","null","null","null"
"FUNCTION","extensions","pg_stat_statements","showtext boolean, OUT userid oid, OUT dbid oid, OUT toplevel bo","SETOF record","null","null","null"
"FUNCTION","extensions","pg_stat_statements_info","OUT dealloc bigint, OUT stats_reset timestamp with time zone","record","null","null","null"
"FUNCTION","extensions","pg_stat_statements_reset","userid oid DEFAULT 0, dbid oid DEFAULT 0, queryid bigint DEFAUL","void","null","null","null"
"FUNCTION","extensions","pgp_armor_headers","text, OUT key text, OUT value text","SETOF record","null","null","null"
"FUNCTION","extensions","pgp_key_id","bytea","text","null","null","null"
"FUNCTION","extensions","pgp_pub_decrypt","bytea, bytea","text","null","null","null"
"FUNCTION","extensions","pgp_pub_decrypt","bytea, bytea, text","text","null","null","null"
"FUNCTION","extensions","pgp_pub_decrypt","bytea, bytea, text, text","text","null","null","null"
"FUNCTION","extensions","pgp_pub_decrypt_bytea","bytea, bytea","bytea","null","null","null"
"FUNCTION","extensions","pgp_pub_decrypt_bytea","bytea, bytea, text","bytea","null","null","null"
"FUNCTION","extensions","pgp_pub_decrypt_bytea","bytea, bytea, text, text","bytea","null","null","null"
"FUNCTION","extensions","pgp_pub_encrypt","text, bytea","bytea","null","null","null"
"FUNCTION","extensions","pgp_pub_encrypt","text, bytea, text","bytea","null","null","null"
"FUNCTION","extensions","pgp_pub_encrypt_bytea","bytea, bytea","bytea","null","null","null"
"FUNCTION","extensions","pgp_pub_encrypt_bytea","bytea, bytea, text","bytea","null","null","null"
"FUNCTION","extensions","pgp_sym_decrypt","bytea, text","text","null","null","null"
"FUNCTION","extensions","pgp_sym_decrypt","bytea, text, text","text","null","null","null"
"FUNCTION","extensions","pgp_sym_decrypt_bytea","bytea, text","bytea","null","null","null"
"FUNCTION","extensions","pgp_sym_decrypt_bytea","bytea, text, text","bytea","null","null","null"
"FUNCTION","extensions","pgp_sym_encrypt","text, text","bytea","null","null","null"
"FUNCTION","extensions","pgp_sym_encrypt","text, text, text","bytea","null","null","null"
"FUNCTION","extensions","pgp_sym_encrypt_bytea","bytea, text","bytea","null","null","null"
"FUNCTION","extensions","pgp_sym_encrypt_bytea","bytea, text, text","bytea","null","null","null"
"FUNCTION","extensions","pgrst_ddl_watch","","event_trigger","null","null","null"
"FUNCTION","extensions","pgrst_drop_watch","","event_trigger","null","null","null"
"FUNCTION","extensions","set_graphql_placeholder","","event_trigger","null","null","Reintroduces placeholder function for graphql_public.graphql"
"FUNCTION","extensions","sign","payload json, secret text, algorithm text DEFAULT 'HS256'::text","text","null","null","null"
"FUNCTION","extensions","try_cast_double","inp text","double precision","null","null","null"
"FUNCTION","extensions","url_decode","data text","bytea","null","null","null"
"FUNCTION","extensions","url_encode","data bytea","text","null","null","null"
"FUNCTION","extensions","uuid_generate_v1","","uuid","null","null","null"
"FUNCTION","extensions","uuid_generate_v1mc","","uuid","null","null","null"
"FUNCTION","extensions","uuid_generate_v3","namespace uuid, name text","uuid","null","null","null"
"FUNCTION","extensions","uuid_generate_v4","","uuid","null","null","null"
"FUNCTION","extensions","uuid_generate_v5","namespace uuid, name text","uuid","null","null","null"
"FUNCTION","extensions","uuid_nil","","uuid","null","null","null"
"FUNCTION","extensions","uuid_ns_dns","","uuid","null","null","null"
"FUNCTION","extensions","uuid_ns_oid","","uuid","null","null","null"
"FUNCTION","extensions","uuid_ns_url","","uuid","null","null","null"
"FUNCTION","extensions","uuid_ns_x500","","uuid","null","null","null"
"FUNCTION","extensions","verify","token text, secret text, algorithm text DEFAULT 'HS256'::text","TABLE(header json, payload json, valid boolean)","null","null","null"
"FUNCTION","graphql","_internal_resolve","query text, variables jsonb DEFAULT '{}'::jsonb, "operationName","jsonb","null","null","null"
"FUNCTION","graphql","comment_directive","comment_ text","jsonb","null","null","null"
"FUNCTION","graphql","exception","message text","text","null","null","null"
"FUNCTION","graphql","get_schema_version","","integer","null","null","null"
"FUNCTION","graphql","increment_schema_version","","event_trigger","null","null","null"
"FUNCTION","graphql","resolve","query text, variables jsonb DEFAULT '{}'::jsonb, "operationName","jsonb","null","null","null"
"FUNCTION","graphql_public","graphql",""operationName" text DEFAULT NULL::text, query text DEFAULT NUL","jsonb","null","null","null"
"FUNCTION","public","handle_new_user","","trigger","null","null","null"
"FUNCTION","public","handle_user_delete","","trigger","null","null","null"
"FUNCTION","public","posts_search_update","","trigger","null","null","null"
"FUNCTION","realtime","apply_rls","wal jsonb, max_record_bytes integer DEFAULT (1024 * 1024)","SETOF realtime.wal_rls","null","null","null"
"FUNCTION","realtime","broadcast_changes","topic_name text, event_name text, operation text, table_name te","void","null","null","null"
"FUNCTION","realtime","build_prepared_statement_sql","prepared_statement_name text, entity regclass, columns realtime","text","null","null","null"
"FUNCTION","realtime","cast","val text, type_ regtype","jsonb","null","null","null"
"FUNCTION","realtime","check_equality_op","op realtime.equality_op, type_ regtype, val_1 text, val_2 text","boolean","null","null","null"
"FUNCTION","realtime","is_visible_through_filters","columns realtime.wal_column[], filters realtime.user_defined_fi","boolean","null","null","null"
"FUNCTION","realtime","list_changes","publication name, slot_name name, max_changes integer, max_reco","SETOF realtime.wal_rls","null","null","null"
"FUNCTION","realtime","quote_wal2json","entity regclass","text","null","null","null"
"FUNCTION","realtime","send","payload jsonb, event text, topic text, private boolean DEFAULT ","void","null","null","null"
"FUNCTION","realtime","subscription_check_filters","","trigger","null","null","null"
"FUNCTION","realtime","to_regrole","role_name text","regrole","null","null","null"
"FUNCTION","realtime","topic","","text","null","null","null"
"FUNCTION","storage","can_insert_object","bucketid text, name text, owner uuid, metadata jsonb","void","null","null","null"
"FUNCTION","storage","extension","name text","text","null","null","null"
"FUNCTION","storage","filename","name text","text","null","null","null"
"FUNCTION","storage","foldername","name text","text[]","null","null","null"
"FUNCTION","storage","get_size_by_bucket","","TABLE(size bigint, bucket_id text)","null","null","null"
"FUNCTION","storage","list_multipart_uploads_with_delimiter","bucket_id text, prefix_param text, delimiter_param text, max_ke","TABLE(key text, id text, created_at timestamp with time zone)","null","null","null"
"FUNCTION","storage","list_objects_with_delimiter","bucket_id text, prefix_param text, delimiter_param text, max_ke","TABLE(name text, id uuid, metadata jsonb, updated_at timestamp with time zone)","null","null","null"
"FUNCTION","storage","operation","","text","null","null","null"
"FUNCTION","storage","search","prefix text, bucketname text, limits integer DEFAULT 100, level","TABLE(name text, id uuid, updated_at timestamp with time zone, created_at timestamp with time zone, last_accessed_at timestamp with time zone, metadata jsonb)","null","null","null"
"FUNCTION","storage","update_updated_at_column","","trigger","null","null","null"
"FUNCTION","vault","create_secret","new_secret text, new_name text DEFAULT NULL::text, new_descript","uuid","null","null","null"
"FUNCTION","vault","secrets_encrypt_secret_secret","","trigger","null","null","null"
"FUNCTION","vault","update_secret","secret_id uuid, new_secret text DEFAULT NULL::text, new_name te","void","null","null","null"
"PRIMARY_KEY","auth","audit_log_entries","id","null","null","null","audit_log_entries_pkey"
"PRIMARY_KEY","auth","flow_state","id","null","null","null","flow_state_pkey"
"PRIMARY_KEY","auth","identities","id","null","null","null","identities_pkey"
"PRIMARY_KEY","auth","instances","id","null","null","null","instances_pkey"
"PRIMARY_KEY","auth","mfa_amr_claims","id","null","null","null","amr_id_pk"
"PRIMARY_KEY","auth","mfa_challenges","id","null","null","null","mfa_challenges_pkey"
"PRIMARY_KEY","auth","mfa_factors","id","null","null","null","mfa_factors_pkey"
"PRIMARY_KEY","auth","one_time_tokens","id","null","null","null","one_time_tokens_pkey"
"PRIMARY_KEY","auth","refresh_tokens","id","null","null","null","refresh_tokens_pkey"
"PRIMARY_KEY","auth","saml_providers","id","null","null","null","saml_providers_pkey"
"PRIMARY_KEY","auth","saml_relay_states","id","null","null","null","saml_relay_states_pkey"
"PRIMARY_KEY","auth","schema_migrations","version","null","null","null","schema_migrations_pkey"
"PRIMARY_KEY","auth","sessions","id","null","null","null","sessions_pkey"
"PRIMARY_KEY","auth","sso_domains","id","null","null","null","sso_domains_pkey"
"PRIMARY_KEY","auth","sso_providers","id","null","null","null","sso_providers_pkey"
"PRIMARY_KEY","auth","users","id","null","null","null","users_pkey"
"PRIMARY_KEY","public","comment_votes","id","null","null","null","comment_votes_pkey"
"PRIMARY_KEY","public","comments","id","null","null","null","comments_pkey"
"PRIMARY_KEY","public","conversation_participants","id","null","null","null","conversation_participants_pkey"
"PRIMARY_KEY","public","conversations","id","null","null","null","conversations_pkey"
"PRIMARY_KEY","public","friendships","id","null","null","null","friendships_pkey"
"PRIMARY_KEY","public","group_members","id","null","null","null","group_members_pkey"
"PRIMARY_KEY","public","groups","id","null","null","null","groups_pkey"
"PRIMARY_KEY","public","likes","id","null","null","null","likes_pkey"
"PRIMARY_KEY","public","media","id","null","null","null","media_pkey"
"PRIMARY_KEY","public","messages","id","null","null","null","messages_pkey"
"PRIMARY_KEY","public","notifications","id","null","null","null","notifications_pkey"
"PRIMARY_KEY","public","posts","id","null","null","null","posts_pkey"
"PRIMARY_KEY","public","user_hidden_posts","post_id","null","null","null","user_hidden_posts_pkey"
"PRIMARY_KEY","public","user_hidden_posts","post_id","null","null","null","user_hidden_posts_pkey"
"PRIMARY_KEY","public","user_hidden_posts","user_id","null","null","null","user_hidden_posts_pkey"
"PRIMARY_KEY","public","user_hidden_posts","user_id","null","null","null","user_hidden_posts_pkey"
"PRIMARY_KEY","public","user_saved_posts","post_id","null","null","null","user_saved_posts_pkey"
"PRIMARY_KEY","public","user_saved_posts","post_id","null","null","null","user_saved_posts_pkey"
"PRIMARY_KEY","public","user_saved_posts","user_id","null","null","null","user_saved_posts_pkey"
"PRIMARY_KEY","public","user_saved_posts","user_id","null","null","null","user_saved_posts_pkey"
"PRIMARY_KEY","public","users","id","null","null","null","users_pkey"
"PRIMARY_KEY","realtime","messages","id","null","null","null","messages_pkey"
"PRIMARY_KEY","realtime","messages","id","null","null","null","messages_pkey"
"PRIMARY_KEY","realtime","messages","inserted_at","null","null","null","messages_pkey"
"PRIMARY_KEY","realtime","messages","inserted_at","null","null","null","messages_pkey"
"PRIMARY_KEY","realtime","schema_migrations","version","null","null","null","schema_migrations_pkey"
"PRIMARY_KEY","realtime","subscription","id","null","null","null","pk_subscription"
"PRIMARY_KEY","storage","buckets","id","null","null","null","buckets_pkey"
"PRIMARY_KEY","storage","migrations","id","null","null","null","migrations_pkey"
"PRIMARY_KEY","storage","objects","id","null","null","null","objects_pkey"
"PRIMARY_KEY","storage","s3_multipart_uploads","id","null","null","null","s3_multipart_uploads_pkey"
"PRIMARY_KEY","storage","s3_multipart_uploads_parts","id","null","null","null","s3_multipart_uploads_parts_pkey"
"PRIMARY_KEY","vault","secrets","id","null","null","null","secrets_pkey"
"TABLE","auth","audit_log_entries","null","null","null","null","Auth: Audit trail for user actions."
"TABLE","auth","flow_state","null","null","null","null","stores metadata for pkce logins"
"TABLE","auth","identities","null","null","null","null","Auth: Stores identities associated to a user."
"TABLE","auth","instances","null","null","null","null","Auth: Manages users across multiple sites."
"TABLE","auth","mfa_amr_claims","null","null","null","null","auth: stores authenticator method reference claims for multi factor authentication"
"TABLE","auth","mfa_challenges","null","null","null","null","auth: stores metadata about challenge requests made"
"TABLE","auth","mfa_factors","null","null","null","null","auth: stores metadata about factors"
"TABLE","auth","one_time_tokens","null","null","null","null","null"
"TABLE","auth","refresh_tokens","null","null","null","null","Auth: Store of tokens used to refresh JWT tokens once they expire."
"TABLE","auth","saml_providers","null","null","null","null","Auth: Manages SAML Identity Provider connections."
"TABLE","auth","saml_relay_states","null","null","null","null","Auth: Contains SAML Relay State information for each Service Provider initiated login."
"TABLE","auth","schema_migrations","null","null","null","null","Auth: Manages updates to the auth system."
"TABLE","auth","sessions","null","null","null","null","Auth: Stores session data associated to a user."
"TABLE","auth","sso_domains","null","null","null","null","Auth: Manages SSO email address domain mapping to an SSO Identity Provider."
"TABLE","auth","sso_providers","null","null","null","null","Auth: Manages SSO identity provider information; see saml_providers for SAML."
"TABLE","auth","users","null","null","null","null","Auth: Stores user login data within a secure schema."
"TABLE","public","comment_votes","null","null","null","null","null"
"TABLE","public","comments","null","null","null","null","null"
"TABLE","public","conversation_participants","null","null","null","null","null"
"TABLE","public","conversations","null","null","null","null","null"
"TABLE","public","friendships","null","null","null","null","null"
"TABLE","public","group_members","null","null","null","null","null"
"TABLE","public","groups","null","null","null","null","null"
"TABLE","public","likes","null","null","null","null","null"
"TABLE","public","media","null","null","null","null","null"
"TABLE","public","messages","null","null","null","null","null"
"TABLE","public","notifications","null","null","null","null","null"
"TABLE","public","posts","null","null","null","null","null"
"TABLE","public","user_hidden_posts","null","null","null","null","null"
"TABLE","public","user_saved_posts","null","null","null","null","null"
"TABLE","public","users","null","null","null","null","null"
"TABLE","realtime","messages","null","null","null","null","null"
"TABLE","realtime","schema_migrations","null","null","null","null","null"
"TABLE","realtime","subscription","null","null","null","null","null"
"TABLE","storage","buckets","null","null","null","null","null"
"TABLE","storage","migrations","null","null","null","null","null"
"TABLE","storage","objects","null","null","null","null","null"
"TABLE","storage","s3_multipart_uploads","null","null","null","null","null"
"TABLE","storage","s3_multipart_uploads_parts","null","null","null","null","null"
"TABLE","vault","secrets","null","null","null","null","Table with encrypted `secret` column for storing sensitive information on disk."
"TRIGGER","auth","users","on_auth_user_created","null","null","null","CREATE TRIGGER on_auth_user_created AFTER INSERT ON auth.users FOR EACH ROW EXECUTE FUNCTION handle_new_user()"
"TRIGGER","public","posts","posts_search_update","null","null","null","CREATE TRIGGER posts_search_update BEFORE INSERT OR UPDATE ON public.posts FOR EACH ROW EXECUTE FUNCTION posts_search_update()"
"TRIGGER","public","users","on_public_user_deleted","null","null","null","CREATE TRIGGER on_public_user_deleted AFTER DELETE ON public.users FOR EACH ROW EXECUTE FUNCTION handle_user_delete()"
"TRIGGER","realtime","subscription","tr_check_filters","null","null","null","CREATE TRIGGER tr_check_filters BEFORE INSERT OR UPDATE ON realtime.subscription FOR EACH ROW EXECUTE FUNCTION realtime.subscription_check_filters()"
"TRIGGER","storage","objects","update_objects_updated_at","null","null","null","CREATE TRIGGER update_objects_updated_at BEFORE UPDATE ON storage.objects FOR EACH ROW EXECUTE FUNCTION storage.update_updated_at_column()"
"TRIGGER","vault","secrets","secrets_encrypt_secret_trigger_secret","null","null","null","CREATE TRIGGER secrets_encrypt_secret_trigger_secret BEFORE INSERT OR UPDATE OF secret ON vault.secrets FOR EACH ROW EXECUTE FUNCTION vault.secrets_encrypt_secret_secret()"
"UNIQUE_CONSTRAINT","auth","identities","provider","null","null","null","identities_provider_id_provider_unique"
"UNIQUE_CONSTRAINT","auth","identities","provider","null","null","null","identities_provider_id_provider_unique"
"UNIQUE_CONSTRAINT","auth","identities","provider_id","null","null","null","identities_provider_id_provider_unique"
"UNIQUE_CONSTRAINT","auth","identities","provider_id","null","null","null","identities_provider_id_provider_unique"
"UNIQUE_CONSTRAINT","auth","mfa_amr_claims","authentication_method","null","null","null","mfa_amr_claims_session_id_authentication_method_pkey"
"UNIQUE_CONSTRAINT","auth","mfa_amr_claims","authentication_method","null","null","null","mfa_amr_claims_session_id_authentication_method_pkey"
"UNIQUE_CONSTRAINT","auth","mfa_amr_claims","session_id","null","null","null","mfa_amr_claims_session_id_authentication_method_pkey"
"UNIQUE_CONSTRAINT","auth","mfa_amr_claims","session_id","null","null","null","mfa_amr_claims_session_id_authentication_method_pkey"
"UNIQUE_CONSTRAINT","auth","mfa_factors","last_challenged_at","null","null","null","mfa_factors_last_challenged_at_key"
"UNIQUE_CONSTRAINT","auth","refresh_tokens","token","null","null","null","refresh_tokens_token_unique"
"UNIQUE_CONSTRAINT","auth","saml_providers","entity_id","null","null","null","saml_providers_entity_id_key"
"UNIQUE_CONSTRAINT","auth","users","phone","null","null","null","users_phone_key"
"UNIQUE_CONSTRAINT","public","comment_votes","comment_id","null","null","null","comment_votes_user_comment_unique"
"UNIQUE_CONSTRAINT","public","comment_votes","comment_id","null","null","null","comment_votes_user_comment_unique"
"UNIQUE_CONSTRAINT","public","comment_votes","user_id","null","null","null","comment_votes_user_comment_unique"
"UNIQUE_CONSTRAINT","public","comment_votes","user_id","null","null","null","comment_votes_user_comment_unique"
"UNIQUE_CONSTRAINT","public","conversation_participants","conversation_id","null","null","null","conversation_participants_conversation_id_user_id_key"
"UNIQUE_CONSTRAINT","public","conversation_participants","conversation_id","null","null","null","conversation_participants_conversation_id_user_id_key"
"UNIQUE_CONSTRAINT","public","conversation_participants","user_id","null","null","null","conversation_participants_conversation_id_user_id_key"
"UNIQUE_CONSTRAINT","public","conversation_participants","user_id","null","null","null","conversation_participants_conversation_id_user_id_key"
"UNIQUE_CONSTRAINT","public","friendships","friend_id","null","null","null","friendships_user_id_friend_id_key"
"UNIQUE_CONSTRAINT","public","friendships","friend_id","null","null","null","friendships_user_id_friend_id_key"
"UNIQUE_CONSTRAINT","public","friendships","user_id","null","null","null","friendships_user_id_friend_id_key"
"UNIQUE_CONSTRAINT","public","friendships","user_id","null","null","null","friendships_user_id_friend_id_key"
"UNIQUE_CONSTRAINT","public","group_members","group_id","null","null","null","group_members_group_id_user_id_key"
"UNIQUE_CONSTRAINT","public","group_members","group_id","null","null","null","group_members_group_id_user_id_key"
"UNIQUE_CONSTRAINT","public","group_members","user_id","null","null","null","group_members_group_id_user_id_key"
"UNIQUE_CONSTRAINT","public","group_members","user_id","null","null","null","group_members_group_id_user_id_key"
"UNIQUE_CONSTRAINT","public","likes","comment_id","null","null","null","likes_user_id_post_id_comment_id_key"
"UNIQUE_CONSTRAINT","public","likes","comment_id","null","null","null","likes_user_id_post_id_comment_id_key"
"UNIQUE_CONSTRAINT","public","likes","comment_id","null","null","null","likes_user_id_post_id_comment_id_key"
"UNIQUE_CONSTRAINT","public","likes","post_id","null","null","null","likes_user_id_post_id_comment_id_key"
"UNIQUE_CONSTRAINT","public","likes","post_id","null","null","null","likes_user_id_post_id_comment_id_key"
"UNIQUE_CONSTRAINT","public","likes","post_id","null","null","null","likes_user_id_post_id_comment_id_key"
"UNIQUE_CONSTRAINT","public","likes","user_id","null","null","null","likes_user_id_post_id_comment_id_key"
"UNIQUE_CONSTRAINT","public","likes","user_id","null","null","null","likes_user_id_post_id_comment_id_key"
"UNIQUE_CONSTRAINT","public","likes","user_id","null","null","null","likes_user_id_post_id_comment_id_key"
"UNIQUE_CONSTRAINT","public","users","email","null","null","null","users_email_key"
"UNIQUE_CONSTRAINT","public","users","username","null","null","null","users_username_key"
"UNIQUE_CONSTRAINT","storage","migrations","name","null","null","null","migrations_name_key"